{
  "hash": "29268751",
  "configHash": "96ce4a96",
  "lockfileHash": "2b47acd5",
  "browserHash": "c9a4a63b",
  "optimized": {
    "@angular/core": {
      "src": "../../../../../node_modules/@angular/core/fesm2022/core.mjs",
      "file": "@angular_core.js",
      "fileHash": "ed759b49",
      "needsInterop": false
    },
    "@angular/forms": {
      "src": "../../../../../node_modules/@angular/forms/fesm2022/forms.mjs",
      "file": "@angular_forms.js",
      "fileHash": "c845f03e",
      "needsInterop": false
    },
    "@angular/platform-browser": {
      "src": "../../../../../node_modules/@angular/platform-browser/fesm2022/platform-browser.mjs",
      "file": "@angular_platform-browser.js",
      "fileHash": "816f37fb",
      "needsInterop": false
    },
    "@angular/router": {
      "src": "../../../../../node_modules/@angular/router/fesm2022/router.mjs",
      "file": "@angular_router.js",
      "fileHash": "ae632617",
      "needsInterop": false
    }
  },
  "chunks": {
    "chunk-HOQANC2U": {
      "file": "chunk-HOQANC2U.js"
    },
    "chunk-Z7AAB6UU": {
      "file": "chunk-Z7AAB6UU.js"
    },
    "chunk-SRYCPNOB": {
      "file": "chunk-SRYCPNOB.js"
    }
  }
}